Kode Responden,Peran,Username,Password,Data Acuan,Aturan Data Baru
R01,Kader,kader,kader123,Balita Demo R01,Gunakan R01 pada nama; jadwal 08:01-09:01
R02,Kader,kader,kader123,Balita Demo R02,Gunakan R02 pada nama; jadwal 08:02-09:02
R03,Kader,kader,kader123,Balita Demo R03,Gunakan R03 pada nama; jadwal 08:03-09:03
R04,Kader,kader,kader123,Balita Demo R04,Gunakan R04 pada nama; jadwal 08:04-09:04
R05,Kader,kader,kader123,Balita Demo R05,Gunakan R05 pada nama; jadwal 08:05-09:05
R06,Kader,kader,kader123,Balita Demo R06,Gunakan R06 pada nama; jadwal 08:06-09:06
R07,Kader,kader,kader123,Balita Demo R07,Gunakan R07 pada nama; jadwal 08:07-09:07
R08,Kader,kader,kader123,Balita Demo R08,Gunakan R08 pada nama; jadwal 08:08-09:08
R09,Kader,kader,kader123,Balita Demo R09,Gunakan R09 pada nama; jadwal 08:09-09:09
R10,Kader,kader,kader123,Balita Demo R10,Gunakan R10 pada nama; jadwal 08:10-09:10
R11,Kader,kader,kader123,Balita Demo R11,Gunakan R11 pada nama; jadwal 08:11-09:11
R12,Kader,kader,kader123,Balita Demo R12,Gunakan R12 pada nama; jadwal 08:12-09:12
R13,Kader,kader,kader123,Balita Demo R13,Gunakan R13 pada nama; jadwal 08:13-09:13
R14,Kader,kader,kader123,Balita Demo R14,Gunakan R14 pada nama; jadwal 08:14-09:14
R15,Kader,kader,kader123,Balita Demo R15,Gunakan R15 pada nama; jadwal 08:15-09:15
R16,Kader,kader,kader123,Balita Demo R16,Gunakan R16 pada nama; jadwal 08:16-09:16
R17,Kader,kader,kader123,Balita Demo R17,Gunakan R17 pada nama; jadwal 08:17-09:17
R18,Kader,kader,kader123,Balita Demo R18,Gunakan R18 pada nama; jadwal 08:18-09:18
R19,Kader,kader,kader123,Balita Demo R19,Gunakan R19 pada nama; jadwal 08:19-09:19
R20,Kader,kader,kader123,Balita Demo R20,Gunakan R20 pada nama; jadwal 08:20-09:20
R21,Kader,kader,kader123,Balita Demo R21,Gunakan R21 pada nama; jadwal 08:21-09:21
R22,Kader,kader,kader123,Balita Demo R22,Gunakan R22 pada nama; jadwal 08:22-09:22
R23,Kader,kader,kader123,Balita Demo R23,Gunakan R23 pada nama; jadwal 08:23-09:23
R24,Kader,kader,kader123,Balita Demo R24,Gunakan R24 pada nama; jadwal 08:24-09:24
R25,Kader,kader,kader123,Balita Demo R25,Gunakan R25 pada nama; jadwal 08:25-09:25
R26,Kader,kader,kader123,Balita Demo R26,Gunakan R26 pada nama; jadwal 08:26-09:26
R27,Kader,kader,kader123,Balita Demo R27,Gunakan R27 pada nama; jadwal 08:27-09:27
R28,Kader,kader,kader123,Balita Demo R28,Gunakan R28 pada nama; jadwal 08:28-09:28
R29,Kader,kader,kader123,Balita Demo R29,Gunakan R29 pada nama; jadwal 08:29-09:29
R30,Kader,kader,kader123,Balita Demo R30,Gunakan R30 pada nama; jadwal 08:30-09:30
R31,Kader,kader,kader123,Balita Demo R31,Gunakan R31 pada nama; jadwal 08:31-09:31
R32,Kader,kader,kader123,Balita Demo R32,Gunakan R32 pada nama; jadwal 08:32-09:32
R33,Kader,kader,kader123,Balita Demo R33,Gunakan R33 pada nama; jadwal 08:33-09:33
R34,Kader,kader,kader123,Balita Demo R34,Gunakan R34 pada nama; jadwal 08:34-09:34
R35,Admin,kelurahan,kelurahan123,,Gunakan R35 pada nama Kader/Bidan/Posyandu yang dibuat
R36,Admin,kelurahan,kelurahan123,,Gunakan R36 pada nama Kader/Bidan/Posyandu yang dibuat
